46783.820774,2021-02-10 01:51:06.153908
46767.8,2021-02-10 01:51:11.331225
46773.106122,2021-02-10 01:51:16.505706
46763.046557,2021-02-10 01:51:21.688414
46756.520953,2021-02-10 01:51:25.247841
46755.975953,2021-02-10 01:51:30.427529
46762.619116,2021-02-10 01:51:35.608616
46751.10331,2021-02-10 01:51:40.789822
46742.605473,2021-02-10 01:51:45.964043
46723.029207,2021-02-10 01:51:51.149918
46729.034712,2021-02-10 01:51:56.331906
46718.685,2021-02-10 01:52:01.509644
46735.56,2021-02-10 01:52:06.691315
46763.055,2021-02-10 01:52:11.873726
46743.961333,2021-02-10 01:52:17.055944
46773.006641,2021-02-10 01:52:22.244364
46755.605,2021-02-10 01:52:27.441094
46756.535,2021-02-10 01:52:32.622956
46750.285,2021-02-10 01:52:37.801328
46744.27,2021-02-10 01:52:42.982662
46734.945,2021-02-10 01:52:48.156820
46729.745199,2021-02-10 01:52:53.335860
46735.79646,2021-02-10 01:52:55.851992
46731.364917,2021-02-10 01:53:01.029313
46728.408192,2021-02-10 01:53:06.205881
46718.395,2021-02-10 01:53:11.384966
46715.585,2021-02-10 01:53:17.253044
46709.96,2021-02-10 01:53:22.429381
46727.652756,2021-02-10 01:53:27.610196
46725.764223,2021-02-10 01:53:32.794723
46730.418926,2021-02-10 01:53:37.968340
46727.753066,2021-02-10 01:53:43.151441
46739.950562,2021-02-10 01:53:48.331769
46739.4392,2021-02-10 01:53:53.505376
46738.795,2021-02-10 01:53:58.684252
46723.375,2021-02-10 01:54:03.866831
46742.265,2021-02-10 01:54:09.040946
46745.28,2021-02-10 01:54:14.213569
46751.285,2021-02-10 01:54:19.396550
46748.71,2021-02-10 01:54:24.577687
46760.78,2021-02-10 01:54:29.761137
46752.615,2021-02-10 01:54:34.942131
46743.128911,2021-02-10 01:54:40.142249
46742.73,2021-02-10 01:54:45.319254
46748.07,2021-02-10 01:54:50.507068
46756.045,2021-02-10 01:54:55.689188
46753.785,2021-02-10 01:55:00.875815
46762.78,2021-02-10 01:55:06.068750
46776.687777,2021-02-10 01:55:11.245107
46799.190562,2021-02-10 01:55:16.415657
46810.29189,2021-02-10 01:55:21.596458
46804.201279,2021-02-10 01:55:26.778409
46813.534534,2021-02-10 01:55:31.967451
46810.87,2021-02-10 01:55:37.150386
46800.475,2021-02-10 01:55:42.330511
46795.28,2021-02-10 01:55:47.501414
46788.14,2021-02-10 01:55:52.681406
46784.375,2021-02-10 01:56:18.210763
46778.69,2021-02-10 01:56:23.395823
46775.69,2021-02-10 01:56:28.589978
46774.156279,2021-02-10 01:56:33.767459
46775.317302,2021-02-10 01:56:38.952610
46760.83,2021-02-10 01:56:44.132286
46766.435,2021-02-10 01:56:49.304029
46752.915,2021-02-10 01:56:54.484505
46768.030562,2021-02-10 01:56:59.667531
46784.193321,2021-02-10 01:57:04.852283
46777.31,2021-02-10 01:57:10.046271
46775.484304,2021-02-10 01:57:15.224462
46778.699647,2021-02-10 01:57:20.404556
46778.030423,2021-02-10 01:57:25.595049
46771.151279,2021-02-10 01:57:30.790791
46764.552884,2021-02-10 01:57:35.972169
46768.485,2021-02-10 01:57:41.155145
46785.403688,2021-02-10 01:57:46.332020
46780.15,2021-02-10 01:57:51.509383
46773.91,2021-02-10 01:57:56.693885
46764.850467,2021-02-10 01:58:01.876387
46768.115562,2021-02-10 01:58:07.065945
46762.293203,2021-02-10 01:58:12.239327
46689.08,2021-02-10 01:59:12.225144
46687.782701,2021-02-10 01:59:17.390591
46683.39,2021-02-10 01:59:22.570607
46664.992163,2021-02-10 01:59:27.750159
46680.085,2021-02-10 01:59:32.930966
46671.477832,2021-02-10 01:59:38.114719
46679.682106,2021-02-10 01:59:43.289051
46781.965,2021-02-10 02:00:32.860889
46782.375383,2021-02-10 02:00:38.049579
46770.330499,2021-02-10 02:00:43.226077
46763.065805,2021-02-10 02:00:48.420515
46762.391342,2021-02-10 02:00:53.599342
46789.11,2021-02-10 02:00:58.780613
46823.52,2021-02-10 02:01:03.957964
46842.795,2021-02-10 02:01:09.145363
46845.525,2021-02-10 02:01:14.323756
46871.462182,2021-02-10 02:01:19.488751
46870.52,2021-02-10 02:01:24.679841
46896.377819,2021-02-10 02:01:29.851455
46915.771822,2021-02-10 02:01:35.029672
46907.885,2021-02-10 02:01:38.978034
46904.105,2021-02-10 02:01:44.165378
46921.267026,2021-02-10 02:01:49.341772
46919.316494,2021-02-10 02:01:54.522838
46912.8287,2021-02-10 02:01:59.710555
46893.580499,2021-02-10 02:02:04.888716
46861.675,2021-02-10 02:02:10.073296
46850.85387,2021-02-10 02:02:15.244453
46842.29,2021-02-10 02:02:20.729072
46860.445,2021-02-10 02:02:25.899142
46865.41,2021-02-10 02:02:31.075966
46861.047819,2021-02-10 02:02:36.256591
46849.074898,2021-02-10 02:02:41.434428
46846.805,2021-02-10 02:02:46.614864
46843.24,2021-02-10 02:02:51.794140
46822.662731,2021-02-10 02:02:56.963672
46827.825,2021-02-10 02:03:02.141931
46825.0,2021-02-10 02:03:07.331515
46821.1,2021-02-10 02:03:12.516440
46822.46,2021-02-10 02:03:17.689187
46813.845,2021-02-10 02:03:20.994340
46814.808367,2021-02-10 02:03:26.173667
46794.51,2021-02-10 02:03:31.357404
46803.451797,2021-02-10 02:03:36.535058
46798.025314,2021-02-10 02:03:41.718716
46793.023999,2021-02-10 02:03:46.906419
46788.92,2021-02-10 02:03:52.088295
46790.065,2021-02-10 02:03:58.239402
46788.398044,2021-02-10 02:04:01.423060
46768.865,2021-02-10 02:04:04.599779
46768.785,2021-02-10 02:04:07.787518
46786.255,2021-02-10 02:04:10.966835
46774.56,2021-02-10 02:04:14.143975
46762.945554,2021-02-10 02:04:17.323970
46768.622819,2021-02-10 02:04:20.503134
46763.18,2021-02-10 02:04:23.685561
46764.03,2021-02-10 02:04:26.862392
46757.624487,2021-02-10 02:04:30.042752
46786.180568,2021-02-10 02:04:33.223666
46792.45,2021-02-10 02:04:36.399926
46793.587779,2021-02-10 02:04:39.579552
46785.435,2021-02-10 02:04:42.761893
46786.49,2021-02-10 02:04:55.516690
46813.435773,2021-02-10 02:04:58.699256
46809.380608,2021-02-10 02:05:01.880895
46783.373163,2021-02-10 02:05:05.065410
46788.984763,2021-02-10 02:05:08.436696
46779.975598,2021-02-10 02:05:11.621208
46774.118745,2021-02-10 02:05:14.807660
46776.2,2021-02-10 02:05:17.994330
46757.69,2021-02-10 02:05:21.175887
46761.25,2021-02-10 02:05:24.359893
46768.455,2021-02-10 02:05:27.543772
46756.065,2021-02-10 02:05:30.801413
46758.595,2021-02-10 02:05:33.981426
46758.36,2021-02-10 02:05:37.165777
46759.88,2021-02-10 02:05:40.352741
46759.305,2021-02-10 02:05:43.535087
46760.79,2021-02-10 02:05:46.720885
46757.64,2021-02-10 02:05:49.903674
46757.98,2021-02-10 02:05:53.079146
46758.9,2021-02-10 02:05:56.262373
46755.99,2021-02-10 02:05:59.443837
46796.624856,2021-02-10 02:06:02.631620
46809.702819,2021-02-10 02:06:05.809502
46797.505,2021-02-10 02:06:08.982230
46817.802613,2021-02-10 02:06:12.157269
46810.815786,2021-02-10 02:06:15.338761
46810.55,2021-02-10 02:06:18.522933
46805.419006,2021-02-10 02:06:21.698696
46808.814801,2021-02-10 02:06:24.877835
45209.2,2021-02-10 13:51:25.872881
45204.664841,2021-02-10 13:51:29.045707
45207.589329,2021-02-10 13:51:32.226516
45209.133239,2021-02-10 13:51:35.410498
45205.293588,2021-02-10 13:51:38.594332
45205.733281,2021-02-10 13:51:41.786013
45203.557325,2021-02-10 13:51:44.961521
45222.519871,2021-02-10 13:51:48.147306
45222.247431,2021-02-10 13:51:51.331834
45222.085,2021-02-10 13:51:54.510277
45221.58,2021-02-10 13:51:57.697595
45221.423753,2021-02-10 13:52:00.876883
45221.747262,2021-02-10 13:52:04.057161
45222.18,2021-02-10 13:52:07.242351
45222.18,2021-02-10 13:52:10.422500
45222.18,2021-02-10 13:52:13.601017
45223.671216,2021-02-10 13:52:16.784282
45226.82432,2021-02-10 13:52:19.961057
45230.220056,2021-02-10 13:52:23.143870
45228.565,2021-02-10 13:52:26.326988
45228.565,2021-02-10 13:52:29.512136
45228.824366,2021-02-10 13:52:32.697218
45228.565,2021-02-10 13:52:35.875571
45229.005,2021-02-10 13:52:39.058150
45237.977639,2021-02-10 13:52:42.246108
45237.177344,2021-02-10 13:52:45.429605
45238.143247,2021-02-10 13:52:48.620645
45243.024201,2021-02-10 13:52:51.805446
45245.145336,2021-02-10 13:52:54.999826
45237.377558,2021-02-10 13:52:58.196131
45236.127134,2021-02-10 13:53:01.371401
45237.3841,2021-02-10 13:53:04.553740
45225.659828,2021-02-10 13:53:07.733585
45225.715486,2021-02-10 13:53:22.777500
45226.425587,2021-02-10 13:53:25.962416
45223.935661,2021-02-10 13:53:29.148747
45222.554949,2021-02-10 13:53:32.434399
45221.357126,2021-02-10 13:53:35.625124
45218.516773,2021-02-10 13:53:38.814181
45217.887208,2021-02-10 13:53:41.998058
45219.219084,2021-02-10 13:53:45.180437
45217.885,2021-02-10 13:53:48.364387
45217.98489,2021-02-10 13:53:51.547361
45219.739163,2021-02-10 13:53:54.735575
45223.24935,2021-02-10 13:53:57.931308
45230.743995,2021-02-10 13:54:01.112354
45231.695511,2021-02-10 13:54:04.297167
45234.117925,2021-02-10 13:54:07.473121
45231.136364,2021-02-10 13:54:10.657657
45230.299163,2021-02-10 13:54:13.841852
45228.363892,2021-02-10 13:54:17.032839
45225.237345,2021-02-10 13:54:20.209841
45222.578262,2021-02-10 13:54:23.391728
45224.6,2021-02-10 13:54:26.581364
45224.6,2021-02-10 13:54:29.768628
45221.941782,2021-02-10 13:54:32.950382
45216.60449,2021-02-10 13:54:36.135297
45204.065,2021-02-10 13:54:39.318778
45210.643808,2021-02-10 13:54:42.499058
45209.802536,2021-02-10 13:54:45.685923
45216.998387,2021-02-10 13:54:48.878870
45216.216312,2021-02-10 13:54:52.093291
45218.088924,2021-02-10 13:54:55.283887
45219.317313,2021-02-10 13:54:58.466871
45218.867206,2021-02-10 13:55:01.651247
45230.782233,2021-02-10 13:55:04.830641
45235.995495,2021-02-10 13:55:08.015230
45233.412448,2021-02-10 13:55:11.197037
45231.701664,2021-02-10 13:55:14.373156
45223.972206,2021-02-10 13:55:17.619548
45230.022661,2021-02-10 13:55:20.813757
45227.526227,2021-02-10 13:55:23.997046
45232.038517,2021-02-10 13:55:31.251180
45232.535,2021-02-10 13:55:34.445588
45233.705,2021-02-10 13:55:37.626868
45237.505296,2021-02-10 13:55:40.823147
45236.730223,2021-02-10 13:55:44.004336
45242.407069,2021-02-10 13:55:47.187862
45239.67616,2021-02-10 13:55:50.370965
45246.535,2021-02-10 13:55:53.556961
45246.485,2021-02-10 13:55:56.755506
45249.095,2021-02-10 13:55:59.937783
45234.849581,2021-02-10 13:56:03.119646
45249.643533,2021-02-10 13:56:06.302998
45253.392269,2021-02-10 13:56:09.520573
45246.586859,2021-02-10 13:56:12.705974
45235.827372,2021-02-10 13:56:15.889913
45230.835762,2021-02-10 13:56:19.071192
45229.318523,2021-02-10 13:56:22.252847
45226.972523,2021-02-10 13:56:25.454352
45222.419942,2021-02-10 13:56:28.632581
45224.637174,2021-02-10 13:56:31.821683
45225.105,2021-02-10 13:56:35.006167
45224.520277,2021-02-10 13:56:38.214121
45224.142187,2021-02-10 13:56:41.395562
45215.480301,2021-02-10 13:56:44.580724
45208.922947,2021-02-10 13:56:47.767143
45208.435896,2021-02-10 13:56:50.952327
45202.246143,2021-02-10 13:56:54.133298
45197.421551,2021-02-10 13:56:57.319075
45196.106326,2021-02-10 13:57:00.502988
45198.598552,2021-02-10 13:57:03.690803
45205.851685,2021-02-10 13:57:06.890364
45215.81596,2021-02-10 13:57:10.076499
45218.482345,2021-02-10 13:57:13.264436
45219.129289,2021-02-10 13:57:16.454489
45220.720047,2021-02-10 13:57:19.638712
45228.61594,2021-02-10 13:57:22.826625
45226.022381,2021-02-10 13:57:26.008907
45229.369348,2021-02-10 13:57:29.196635
45227.482974,2021-02-10 13:57:32.384439
45228.492057,2021-02-10 13:57:35.567902
45228.125,2021-02-10 13:57:38.752627
45228.125,2021-02-10 13:57:41.939877
45228.125,2021-02-10 13:57:45.123523
45228.125,2021-02-10 13:57:48.322792
45228.125,2021-02-10 13:57:51.506715
45231.725,2021-02-10 13:57:54.702332
45246.317984,2021-02-10 13:57:57.892104
45238.174618,2021-02-10 13:58:01.080658
45240.360963,2021-02-10 13:58:04.267550
45234.744925,2021-02-10 13:58:07.452816
45231.174573,2021-02-10 13:58:10.635477
45226.9523,2021-02-10 13:58:13.850417
45239.427327,2021-02-10 13:58:17.038573
45242.24,2021-02-10 13:58:20.223802
45245.213729,2021-02-10 13:58:23.414144
45241.488971,2021-02-10 13:58:26.603632
45239.567039,2021-02-10 13:58:29.785170
45241.335,2021-02-10 13:58:32.969345
45239.002449,2021-02-10 13:58:36.155186
45236.307001,2021-02-10 13:58:39.338269
45234.488093,2021-02-10 13:58:42.534804
45235.35,2021-02-10 13:58:45.718379
45235.35,2021-02-10 13:58:48.901428
45235.35,2021-02-10 13:58:52.092059
45236.096772,2021-02-10 13:58:55.277776
45236.385,2021-02-10 13:58:58.481908
45236.385,2021-02-10 13:59:01.666014
45240.487726,2021-02-10 13:59:04.853139
45242.49,2021-02-10 13:59:08.031000
45242.49,2021-02-10 13:59:11.210895
45242.49,2021-02-10 13:59:14.419465
45242.49,2021-02-10 13:59:17.611729
45242.11404,2021-02-10 13:59:20.793838
45242.115,2021-02-10 13:59:23.981584
45242.115,2021-02-10 13:59:27.173539
45239.777057,2021-02-10 13:59:30.362527
45238.201666,2021-02-10 13:59:33.553106
45237.202739,2021-02-10 13:59:36.735180
45238.441249,2021-02-10 13:59:42.238066
45242.726941,2021-02-10 13:59:43.430125
45243.146398,2021-02-10 13:59:44.609833
45238.353544,2021-02-10 13:59:45.804929
45239.130907,2021-02-10 13:59:46.985037
45241.865271,2021-02-10 13:59:48.169716
45243.174403,2021-02-10 13:59:49.354196
45232.955,2021-02-10 13:59:50.532368
45235.525,2021-02-10 13:59:51.718974
45232.955,2021-02-10 13:59:52.907324
45232.123512,2021-02-10 13:59:54.091934
45230.035,2021-02-10 13:59:55.284540
45230.136277,2021-02-10 13:59:56.462503
45228.755,2021-02-10 13:59:57.646830
45228.825,2021-02-10 13:59:58.825729
45228.36,2021-02-10 14:00:00.006680
45228.36,2021-02-10 14:00:01.188984
45237.671994,2021-02-10 14:00:02.375609
45231.822826,2021-02-10 14:00:03.559898
45232.626715,2021-02-10 14:00:04.741573
45234.002253,2021-02-10 14:00:05.928260
45232.758275,2021-02-10 14:00:07.113073
45234.248275,2021-02-10 14:00:08.297928
45238.475303,2021-02-10 14:00:09.483683
45238.5302,2021-02-10 14:00:10.674218
45236.985914,2021-02-10 14:00:11.867348
45246.279902,2021-02-10 14:00:13.053859
45246.932096,2021-02-10 14:00:14.236534
45243.575,2021-02-10 14:00:15.425161
45240.4,2021-02-10 14:00:16.605571
45241.380925,2021-02-10 14:00:17.790264
45238.21,2021-02-10 14:00:18.974332
45239.31,2021-02-10 14:00:20.156505
45236.32,2021-02-10 14:00:21.340958
45243.36008,2021-02-10 14:00:22.526570
45245.254607,2021-02-10 14:00:23.716261
45247.138458,2021-02-10 14:00:24.911257
45247.084551,2021-02-10 14:00:26.119266
45249.637672,2021-02-10 14:00:27.301151
45249.512435,2021-02-10 14:00:28.484884
45247.085,2021-02-10 14:00:29.669304
45247.085,2021-02-10 14:00:30.854675
45249.395284,2021-02-10 14:00:32.034119
45250.659358,2021-02-10 14:00:33.219734
45248.335,2021-02-10 14:00:34.405564
45248.335,2021-02-10 14:00:35.598930
45247.738153,2021-02-10 14:00:36.786205
45242.975326,2021-02-10 14:00:37.975960
45241.359554,2021-02-10 14:00:39.165114
45241.137578,2021-02-10 14:00:40.342653
45243.123737,2021-02-10 14:00:41.529990
45243.001329,2021-02-10 14:00:42.718971
45243.125,2021-02-10 14:00:43.907092
45240.516626,2021-02-10 14:00:45.087058
45237.971267,2021-02-10 14:00:46.278540
45233.605904,2021-02-10 14:00:47.469113
45234.171426,2021-02-10 14:00:48.656782
45234.565353,2021-02-10 14:00:49.841465
45233.06633,2021-02-10 14:00:51.032082
45230.820065,2021-02-10 14:00:52.215903
45231.15842,2021-02-10 14:00:53.397414
45231.075634,2021-02-10 14:00:54.590380
45230.525072,2021-02-10 14:00:55.790775
45231.366106,2021-02-10 14:00:56.971760
45229.740729,2021-02-10 14:00:58.171508
45228.103469,2021-02-10 14:00:59.362673
45229.363283,2021-02-10 14:01:00.549182
45228.344777,2021-02-10 14:01:01.729695
45226.611469,2021-02-10 14:01:02.916160
45227.310046,2021-02-10 14:01:04.110355
45225.225507,2021-02-10 14:01:05.292881
45225.302379,2021-02-10 14:01:06.473148
45220.851913,2021-02-10 14:01:07.661056
45218.517026,2021-02-10 14:01:08.845239
45222.88528,2021-02-10 14:01:10.028178
45223.30028,2021-02-10 14:01:11.213611
45221.346608,2021-02-10 14:01:12.390802
45222.86,2021-02-10 14:01:13.575379
45222.86,2021-02-10 14:01:14.759310
45222.86,2021-02-10 14:01:15.941104
45222.86,2021-02-10 14:01:17.130562
45222.86,2021-02-10 14:01:18.315819
45222.86,2021-02-10 14:01:19.496792
45222.86,2021-02-10 14:01:20.677744
45222.86,2021-02-10 14:01:21.860776
45222.209561,2021-02-10 14:01:23.045998
45221.35,2021-02-10 14:01:24.228787
45222.86,2021-02-10 14:01:25.421371
45224.728628,2021-02-10 14:01:26.604820
45226.376798,2021-02-10 14:01:27.789814
45224.73,2021-02-10 14:01:28.969719
45224.73,2021-02-10 14:01:30.157828
45225.385497,2021-02-10 14:01:31.344935
45224.762228,2021-02-10 14:01:32.524586
45220.667435,2021-02-10 14:01:33.709393
45220.752435,2021-02-10 14:01:34.891644
45221.297435,2021-02-10 14:01:36.096790
45222.53,2021-02-10 14:01:37.277801
45218.847407,2021-02-10 14:01:38.461240
45218.730439,2021-02-10 14:01:39.644075
45219.148814,2021-02-10 14:01:40.840417
45219.077076,2021-02-10 14:01:42.026959
45219.949738,2021-02-10 14:01:43.210980
45219.066811,2021-02-10 14:01:44.397577
45220.004303,2021-02-10 14:01:45.589174
45220.479583,2021-02-10 14:01:46.780925
45220.48,2021-02-10 14:01:47.969901
45220.48,2021-02-10 14:01:49.156720
45220.48,2021-02-10 14:01:50.338295
45220.48,2021-02-10 14:01:51.534206
45220.245,2021-02-10 14:01:52.716754
45220.2,2021-02-10 14:01:53.904350
45220.16,2021-02-10 14:01:55.089420
45219.963531,2021-02-10 14:01:56.273924
45219.627345,2021-02-10 14:01:57.459892
45214.785,2021-02-10 14:01:58.650133
45215.085,2021-02-10 14:01:59.845472
45215.375,2021-02-10 14:02:01.035149
45214.069325,2021-02-10 14:02:02.224807
45215.375,2021-02-10 14:02:03.412278
45215.375,2021-02-10 14:02:04.592895
45215.375,2021-02-10 14:02:05.780260
45216.622314,2021-02-10 14:02:06.972398
45211.21,2021-02-10 14:02:08.154033
45207.24,2021-02-10 14:02:09.329291
45210.125,2021-02-10 14:02:10.507924
45210.15,2021-02-10 14:02:11.690278
45207.865592,2021-02-10 14:02:12.873062
45208.562091,2021-02-10 14:02:14.055531
45210.053332,2021-02-10 14:02:15.232633
45208.16,2021-02-10 14:02:16.421580
45208.16,2021-02-10 14:02:17.610607
45202.81,2021-02-10 14:02:18.813238
45207.195,2021-02-10 14:02:19.998875
45204.57,2021-02-10 14:02:21.192964
45207.58,2021-02-10 14:02:22.383857
45207.961111,2021-02-10 14:02:23.571378
45211.65421,2021-02-10 14:02:24.760708
45212.213249,2021-02-10 14:02:25.980809
45212.840724,2021-02-10 14:02:27.165991
45212.84,2021-02-10 14:02:28.352462
45213.054394,2021-02-10 14:02:29.530312
45216.735802,2021-02-10 14:02:30.715853
45215.960562,2021-02-10 14:02:31.915251
45217.471527,2021-02-10 14:02:33.100797
45217.516051,2021-02-10 14:02:34.288655
45220.404015,2021-02-10 14:02:35.472760
45215.265,2021-02-10 14:02:36.652444
45212.333486,2021-02-10 14:02:37.839646
45212.055,2021-02-10 14:02:39.024557
45212.03,2021-02-10 14:02:40.204205
45212.225,2021-02-10 14:02:41.386965
45212.225,2021-02-10 14:02:42.570606
45211.94,2021-02-10 14:02:43.755161
45212.225,2021-02-10 14:02:44.946914
45212.225,2021-02-10 14:02:46.138732
45212.329171,2021-02-10 14:02:47.321393
45212.33,2021-02-10 14:02:48.507527
45212.33,2021-02-10 14:02:49.694816
45212.33,2021-02-10 14:02:50.880959
45211.600251,2021-02-10 14:02:52.073739
45206.31,2021-02-10 14:02:53.256863
45198.340729,2021-02-10 14:02:54.443779
45191.787724,2021-02-10 14:02:55.630253
45188.728404,2021-02-10 14:02:56.816519
45184.971328,2021-02-10 14:02:58.003004
45185.261039,2021-02-10 14:02:59.185607
45184.436886,2021-02-10 14:03:00.366113
45180.985777,2021-02-10 14:03:01.552214
45178.199775,2021-02-10 14:03:02.736860
45179.62,2021-02-10 14:03:03.914647
45180.985,2021-02-10 14:03:05.099441
45180.985,2021-02-10 14:03:06.285815
45181.975887,2021-02-10 14:03:07.478728
45187.500236,2021-02-10 14:03:08.658610
45192.927167,2021-02-10 14:03:09.844236
45191.58876,2021-02-10 14:03:11.040936
45176.795159,2021-02-10 14:03:12.225157
45180.345393,2021-02-10 14:03:13.409842
45178.471798,2021-02-10 14:03:14.592758
45180.267606,2021-02-10 14:03:15.781595
45180.22908,2021-02-10 14:03:16.973935
45177.513496,2021-02-10 14:03:18.158308
45177.928643,2021-02-10 14:03:19.346179
45177.079496,2021-02-10 14:03:20.530570
45177.680791,2021-02-10 14:03:21.722865
45179.119174,2021-02-10 14:03:22.903005
45172.092785,2021-02-10 14:03:24.089373
45178.643909,2021-02-10 14:03:25.277339
45169.895,2021-02-10 14:03:26.460360
45169.895,2021-02-10 14:03:27.721132
45169.895,2021-02-10 14:03:28.910098
45169.895,2021-02-10 14:03:30.089979
45168.905701,2021-02-10 14:03:31.275347
45168.26228,2021-02-10 14:03:32.458154
45167.897012,2021-02-10 14:03:33.648427
45168.905,2021-02-10 14:03:34.830473
45168.905,2021-02-10 14:03:36.015719
45170.070205,2021-02-10 14:03:37.194924
45168.905,2021-02-10 14:03:38.382789
45168.905,2021-02-10 14:03:39.567142
45170.345378,2021-02-10 14:03:40.755744
45169.476626,2021-02-10 14:03:41.933334
45170.345,2021-02-10 14:03:43.126926
45170.345,2021-02-10 14:03:44.311347
45170.345,2021-02-10 14:03:45.497752
45168.779794,2021-02-10 14:03:46.692571
45165.975,2021-02-10 14:03:47.892483
45162.356312,2021-02-10 14:03:49.086709
45166.885,2021-02-10 14:03:50.269509
45166.885,2021-02-10 14:03:51.450381
45168.043263,2021-02-10 14:03:52.636210
45169.731654,2021-02-10 14:03:53.816631
45170.107273,2021-02-10 14:03:55.004764
45169.39392,2021-02-10 14:03:56.191356
45168.145,2021-02-10 14:03:57.381668
45168.145,2021-02-10 14:03:58.563820
45152.780215,2021-02-10 14:03:59.747086
45150.539993,2021-02-10 14:04:00.927968
45134.075693,2021-02-10 14:04:02.111202
45142.747056,2021-02-10 14:04:03.297087
45138.589058,2021-02-10 14:04:04.480220
45137.284839,2021-02-10 14:04:05.666432
45137.213368,2021-02-10 14:04:06.847036
45130.609537,2021-02-10 14:04:08.022981
45131.290687,2021-02-10 14:04:09.201011
45131.706441,2021-02-10 14:04:10.383163
45137.465,2021-02-10 14:04:11.564722
45135.415,2021-02-10 14:04:12.746572
45137.465,2021-02-10 14:04:13.938231
45136.625,2021-02-10 14:04:15.125160
45137.465,2021-02-10 14:04:16.307818
45137.465,2021-02-10 14:04:17.489787
45141.05693,2021-02-10 14:04:18.665581
45141.183671,2021-02-10 14:04:19.854804
45139.836551,2021-02-10 14:04:21.038206
45139.843782,2021-02-10 14:04:22.220321
45141.31203,2021-02-10 14:04:23.395279
45141.837639,2021-02-10 14:04:24.590865
45143.360997,2021-02-10 14:04:25.782296
45144.434725,2021-02-10 14:04:26.968351
45148.187344,2021-02-10 14:04:28.156606
45149.658964,2021-02-10 14:04:29.347849
45150.669001,2021-02-10 14:04:30.532335
45149.773165,2021-02-10 14:04:31.717069
45152.458964,2021-02-10 14:04:32.905029
45149.775,2021-02-10 14:04:34.091437
45149.775,2021-02-10 14:04:35.271866
45149.775,2021-02-10 14:04:36.456472
45149.775,2021-02-10 14:04:37.640371
45149.775,2021-02-10 14:04:38.845998
45149.775,2021-02-10 14:04:40.026169
45149.775,2021-02-10 14:04:41.207088
45149.775,2021-02-10 14:04:42.391830
45149.775,2021-02-10 14:04:43.579052
45149.775,2021-02-10 14:04:44.767753
45149.775,2021-02-10 14:04:45.972357
45149.775,2021-02-10 14:04:47.159859
45149.775,2021-02-10 14:04:48.358279
45149.775,2021-02-10 14:04:49.551662
45144.072606,2021-02-10 14:04:50.736021
45145.06949,2021-02-10 14:04:51.931793
45142.925,2021-02-10 14:04:53.115816
45144.995,2021-02-10 14:04:54.335825
45145.931259,2021-02-10 14:04:55.526148
45145.245,2021-02-10 14:04:56.714397
45142.753312,2021-02-10 14:04:57.898062
45142.535244,2021-02-10 14:04:59.085960
45142.475269,2021-02-10 14:05:00.272375
45142.697994,2021-02-10 14:05:01.457262
45142.7,2021-02-10 14:05:02.641429
45143.978307,2021-02-10 14:05:03.843851
45149.790138,2021-02-10 14:05:05.029144
45150.02858,2021-02-10 14:05:06.210478
45149.220944,2021-02-10 14:05:07.405083
45150.413839,2021-02-10 14:05:08.593986
45152.052752,2021-02-10 14:05:09.783304
45152.293444,2021-02-10 14:05:10.969973
45150.924539,2021-02-10 14:05:12.171369
45150.925,2021-02-10 14:05:13.364493
45150.925,2021-02-10 14:05:14.548573
45150.925,2021-02-10 14:05:15.741833
45151.95904,2021-02-10 14:05:16.945580
45151.977713,2021-02-10 14:05:18.139914
45152.141464,2021-02-10 14:05:19.324604
45151.96,2021-02-10 14:05:20.523868
45151.96,2021-02-10 14:05:21.710035
45151.96,2021-02-10 14:05:22.892853
45151.96,2021-02-10 14:05:24.079782
45151.96,2021-02-10 14:05:25.272397
45151.96,2021-02-10 14:05:26.457492
45151.96,2021-02-10 14:05:27.645723
45151.96,2021-02-10 14:05:28.830182
45151.797695,2021-02-10 14:05:30.016210
45150.306002,2021-02-10 14:05:31.200213
45145.104045,2021-02-10 14:05:32.372353
45147.06,2021-02-10 14:05:33.563439
45147.453853,2021-02-10 14:05:47.250319
45142.81,2021-02-10 14:05:48.427565
45142.59,2021-02-10 14:05:49.615346
45134.482097,2021-02-10 14:05:50.802968
45121.409519,2021-02-10 14:05:51.986390
45112.94,2021-02-10 14:05:53.168002
45108.365,2021-02-10 14:05:54.350204
45112.875,2021-02-10 14:05:55.529562
45119.345,2021-02-10 14:05:56.716658
45116.646174,2021-02-10 14:05:57.896649
45117.942784,2021-02-10 14:05:59.076788
45122.286379,2021-02-10 14:06:00.263005
45123.244117,2021-02-10 14:06:01.448748
45125.675004,2021-02-10 14:06:02.634341
45120.660944,2021-02-10 14:06:03.824148
45120.848649,2021-02-10 14:06:05.026986
45121.154074,2021-02-10 14:06:06.213794
45126.759229,2021-02-10 14:06:07.399594
45132.790472,2021-02-10 14:06:08.585221
45132.989565,2021-02-10 14:06:09.770849
45134.062219,2021-02-10 14:06:10.956866
45134.062219,2021-02-10 14:06:12.135575
45137.30142,2021-02-10 14:06:13.317795
45137.743904,2021-02-10 14:06:14.506486
45137.685713,2021-02-10 14:06:15.690223
45137.685713,2021-02-10 14:06:16.943980
45138.896104,2021-02-10 14:06:18.126255
45139.901079,2021-02-10 14:06:19.311570
45139.901079,2021-02-10 14:06:20.494955
45138.700127,2021-02-10 14:06:21.688618
45139.314964,2021-02-10 14:06:22.867978
45138.545,2021-02-10 14:06:24.047082
45135.88,2021-02-10 14:06:25.255515
45134.72,2021-02-10 14:06:26.441066
45134.72,2021-02-10 14:06:27.623943
45136.962999,2021-02-10 14:06:28.805691
45136.172961,2021-02-10 14:06:29.994219
45137.141126,2021-02-10 14:06:31.183438
45139.345901,2021-02-10 14:06:32.365354
45139.945,2021-02-10 14:06:33.556619
45137.165,2021-02-10 14:06:34.740578
45137.145,2021-02-10 14:06:35.919953
45141.319145,2021-02-10 14:06:37.103452
45142.429523,2021-02-10 14:06:38.283071
45142.294844,2021-02-10 14:06:39.467361
45142.296953,2021-02-10 14:06:40.649764
45141.051439,2021-02-10 14:06:41.838605
45141.248066,2021-02-10 14:06:43.036742
45141.62817,2021-02-10 14:06:44.216107
45141.263403,2021-02-10 14:06:45.396064
45141.455386,2021-02-10 14:06:46.579487
45141.455,2021-02-10 14:06:47.764503
45141.455,2021-02-10 14:06:48.947428
45139.656275,2021-02-10 14:06:50.133856
45139.48274,2021-02-10 14:06:51.323078
45139.252097,2021-02-10 14:06:52.504824
45138.926064,2021-02-10 14:06:53.689212
45138.773609,2021-02-10 14:06:54.872005
45137.937011,2021-02-10 14:06:56.055791
45132.781568,2021-02-10 14:06:57.240150
45132.632526,2021-02-10 14:06:58.425775
45132.715597,2021-02-10 14:06:59.619966
45136.455,2021-02-10 14:07:00.808035
45131.943304,2021-02-10 14:07:01.990163
45129.133184,2021-02-10 14:07:03.180010
45127.616812,2021-02-10 14:07:04.359812
45130.593628,2021-02-10 14:07:05.547153
45130.84197,2021-02-10 14:07:06.729389
45131.41,2021-02-10 14:07:07.903725
45131.41,2021-02-10 14:07:09.078255
45131.41,2021-02-10 14:07:10.247874
45127.81,2021-02-10 14:07:17.990743
45128.09,2021-02-10 14:07:19.173345
45128.350814,2021-02-10 14:07:20.360866
45130.78,2021-02-10 14:07:21.544685
45133.968243,2021-02-10 14:07:22.730308
45133.888259,2021-02-10 14:07:23.917469
45132.839428,2021-02-10 14:07:25.096808
45129.815129,2021-02-10 14:07:26.286819
45118.49946,2021-02-10 14:07:27.468754
45118.032541,2021-02-10 14:07:28.671554
45117.56693,2021-02-10 14:07:29.862791
45116.538518,2021-02-10 14:07:31.047794
45114.279079,2021-02-10 14:07:32.237850
45116.508314,2021-02-10 14:07:33.424444
45117.350818,2021-02-10 14:07:34.611887
45116.167738,2021-02-10 14:07:35.812569
45116.195184,2021-02-10 14:07:37.000046
45106.035127,2021-02-10 14:07:38.188138
45106.273898,2021-02-10 14:07:39.380660
45106.497719,2021-02-10 14:07:40.560615
45106.58445,2021-02-10 14:07:41.734158
45107.107667,2021-02-10 14:07:42.921127
45108.331996,2021-02-10 14:07:44.113228
45111.922235,2021-02-10 14:07:45.309863
45112.639769,2021-02-10 14:07:46.490700
45115.001893,2021-02-10 14:07:47.682671
45114.563156,2021-02-10 14:07:48.871510
45114.714644,2021-02-10 14:07:50.057565
45114.076521,2021-02-10 14:07:51.237630
45115.10893,2021-02-10 14:07:52.416641
45115.984969,2021-02-10 14:07:53.597965
45117.30757,2021-02-10 14:07:54.780908
45115.955475,2021-02-10 14:07:55.963775
45114.68,2021-02-10 14:07:57.152458
45114.68,2021-02-10 14:07:58.330380
45114.68,2021-02-10 14:07:59.503101
45114.68,2021-02-10 14:08:00.681866
45114.68,2021-02-10 14:08:01.863446
45114.68,2021-02-10 14:08:03.044578
45114.68,2021-02-10 14:08:04.226080
45114.62,2021-02-10 14:08:05.414537
45114.6,2021-02-10 14:08:06.610300
45116.451393,2021-02-10 14:08:07.957746
45116.565832,2021-02-10 14:08:09.142288
45114.6,2021-02-10 14:08:10.319194
45114.6,2021-02-10 14:08:11.511056
45114.6,2021-02-10 14:08:12.696502
45114.6,2021-02-10 14:08:13.881447
45114.6,2021-02-10 14:08:15.061079
45112.150127,2021-02-10 14:08:16.251166
45114.6,2021-02-10 14:08:17.431697
45114.6,2021-02-10 14:08:18.615474
45114.6,2021-02-10 14:08:19.800029
45114.6,2021-02-10 14:08:20.987634
45114.6,2021-02-10 14:08:22.167967
45114.94,2021-02-10 14:08:23.353403
45114.94,2021-02-10 14:08:24.540232
45114.94,2021-02-10 14:08:25.728695
45114.94,2021-02-10 14:08:26.918691
45114.94,2021-02-10 14:08:28.104857
45114.94,2021-02-10 14:08:29.302863
45114.94,2021-02-10 14:08:30.488659
45114.94,2021-02-10 14:08:31.674854
45113.887192,2021-02-10 14:08:32.869826
45112.916358,2021-02-10 14:08:34.051709
45113.64807,2021-02-10 14:08:35.234580
45113.527557,2021-02-10 14:08:36.422327
45112.221126,2021-02-10 14:08:42.174129
45111.908859,2021-02-10 14:08:43.364881
45112.76875,2021-02-10 14:08:44.551980
45112.76875,2021-02-10 14:08:45.738507
45112.76875,2021-02-10 14:08:46.922220
45105.705,2021-02-10 14:08:48.101735
45106.205,2021-02-10 14:08:49.290515
45106.205,2021-02-10 14:08:50.477585
45106.21,2021-02-10 14:08:51.679101
45095.66,2021-02-10 14:08:52.865425
45095.655,2021-02-10 14:08:54.050667
45095.625,2021-02-10 14:08:55.240173
45088.465815,2021-02-10 14:08:56.425791
45075.9709,2021-02-10 14:08:57.609559
45074.272662,2021-02-10 14:08:58.803025
45080.777675,2021-02-10 14:08:59.993820
45074.4,2021-02-10 14:09:01.185323
45072.909169,2021-02-10 14:09:02.369257
45066.171299,2021-02-10 14:09:03.552973
45067.933663,2021-02-10 14:09:04.735292
45076.853302,2021-02-10 14:09:05.920247
45078.300638,2021-02-10 14:09:07.105628
45083.802557,2021-02-10 14:09:08.301161
45085.072968,2021-02-10 14:09:09.483648
45088.593852,2021-02-10 14:09:10.670594
45087.978234,2021-02-10 14:09:11.856376
45075.16536,2021-02-10 14:09:13.042901
45074.558919,2021-02-10 14:09:14.232312
45074.079062,2021-02-10 14:09:15.419074
45073.786838,2021-02-10 14:09:16.606958
45074.091822,2021-02-10 14:09:17.791201
45076.635127,2021-02-10 14:09:18.976644
45080.367202,2021-02-10 14:09:20.156338
45082.821672,2021-02-10 14:09:21.337365
45090.416371,2021-02-10 14:09:22.516167
45090.416371,2021-02-10 14:09:23.702180
45088.933527,2021-02-10 14:09:24.889495
45088.816969,2021-02-10 14:09:26.067135
45091.458414,2021-02-10 14:09:27.252963
45095.65711,2021-02-10 14:09:28.436721
45094.669029,2021-02-10 14:09:29.635904
45092.931321,2021-02-10 14:09:30.830022
45092.831765,2021-02-10 14:09:32.016737
45093.44815,2021-02-10 14:09:33.196032
45088.02616,2021-02-10 14:09:34.381237
45089.505931,2021-02-10 14:09:35.565235
45089.362608,2021-02-10 14:09:36.750966
45089.365,2021-02-10 14:09:37.931494
45089.365,2021-02-10 14:09:39.118183
45089.365,2021-02-10 14:09:40.301867
45089.365,2021-02-10 14:09:41.484530
45089.365,2021-02-10 14:09:42.671768
45089.365,2021-02-10 14:09:43.851636
45089.365,2021-02-10 14:09:45.038677
45079.960359,2021-02-10 14:09:46.218253
45078.180057,2021-02-10 14:09:47.409978
45079.96,2021-02-10 14:09:48.588191
45079.96,2021-02-10 14:09:55.886401
45079.96,2021-02-10 14:09:57.073058
45077.595,2021-02-10 14:09:58.259636
45077.595,2021-02-10 14:09:59.451711
45077.845,2021-02-10 14:10:00.630004
45077.845,2021-02-10 14:10:01.814298
45077.845,2021-02-10 14:10:03.005837
45078.760127,2021-02-10 14:10:04.185004
45079.678091,2021-02-10 14:10:05.370888
45078.760127,2021-02-10 14:10:06.557071
45079.360342,2021-02-10 14:10:07.741339
45080.543192,2021-02-10 14:10:09.118819
45080.403014,2021-02-10 14:10:10.304038
45080.403014,2021-02-10 14:10:11.491147
45081.223014,2021-02-10 14:10:12.682594
45081.223014,2021-02-10 14:10:13.867325
45080.405,2021-02-10 14:10:15.051919
45080.405,2021-02-10 14:10:16.238737
45080.405,2021-02-10 14:10:17.418739
45080.405,2021-02-10 14:10:18.601797
45080.405,2021-02-10 14:10:19.802059
45080.405,2021-02-10 14:10:20.984357
45080.405,2021-02-10 14:10:22.170495
45080.405,2021-02-10 14:10:23.371985
45080.405,2021-02-10 14:10:24.551760
45080.405,2021-02-10 14:10:25.739754
45080.405,2021-02-10 14:10:26.928446
45079.848553,2021-02-10 14:10:28.109011
45080.405,2021-02-10 14:10:29.290688
45080.405,2021-02-10 14:10:30.470814
45080.405,2021-02-10 14:10:31.654108
45082.54,2021-02-10 14:10:32.839389
45082.54,2021-02-10 14:10:34.028152
45082.5,2021-02-10 14:10:35.221703
45082.45,2021-02-10 14:10:36.400688
45085.37375,2021-02-10 14:10:37.594341
45084.72375,2021-02-10 14:10:38.780349
45082.315445,2021-02-10 14:10:39.969605
45082.820581,2021-02-10 14:10:41.153936
45085.36375,2021-02-10 14:10:42.342839
45084.595777,2021-02-10 14:10:43.526578
45082.460141,2021-02-10 14:10:44.711695
45082.840141,2021-02-10 14:10:45.894463
45083.850067,2021-02-10 14:10:47.075305
45083.274289,2021-02-10 14:10:48.259091
45082.843534,2021-02-10 14:10:49.454066
45083.71699,2021-02-10 14:10:50.657999
45083.71199,2021-02-10 14:10:51.848055
45083.134406,2021-02-10 14:10:53.031232
45082.929111,2021-02-10 14:10:54.214849
45083.23375,2021-02-10 14:10:55.394005
45083.23375,2021-02-10 14:10:56.577567
45081.943528,2021-02-10 14:10:57.759237
45081.097585,2021-02-10 14:10:58.940273
45081.357138,2021-02-10 14:11:00.123822
45081.144152,2021-02-10 14:11:01.313786
45078.199886,2021-02-10 14:11:02.502419
45076.577426,2021-02-10 14:11:03.685152
45074.442021,2021-02-10 14:11:04.870900
45075.69645,2021-02-10 14:11:06.060992
45072.66,2021-02-10 14:11:07.245175
45064.863385,2021-02-10 14:11:08.426753
45065.667609,2021-02-10 14:11:09.606000
45065.628121,2021-02-10 14:11:10.810883
45059.77086,2021-02-10 14:11:11.986566
45060.583458,2021-02-10 14:11:13.168977
45061.281043,2021-02-10 14:11:14.351847
45064.418411,2021-02-10 14:11:15.532391
45069.75303,2021-02-10 14:11:16.725115
45071.004732,2021-02-10 14:11:17.912994
45071.421477,2021-02-10 14:11:19.097733
45071.556208,2021-02-10 14:11:20.288086
45070.756521,2021-02-10 14:11:21.470266
45070.518571,2021-02-10 14:11:22.651819
45076.407645,2021-02-10 14:11:23.833584
45074.353816,2021-02-10 14:11:25.020389
45077.215319,2021-02-10 14:11:26.206459
45077.72565,2021-02-10 14:11:27.398353
45076.245569,2021-02-10 14:11:28.585263
45075.795927,2021-02-10 14:11:29.758086
45075.747803,2021-02-10 14:11:30.931390
45076.466252,2021-02-10 14:11:32.114010
45074.47572,2021-02-10 14:11:33.304213
45074.409204,2021-02-10 14:11:34.480955
45074.160509,2021-02-10 14:11:35.667023
45074.367081,2021-02-10 14:11:36.846992
45073.71,2021-02-10 14:11:38.030566
45073.71,2021-02-10 14:11:39.211617
45074.2,2021-02-10 14:11:40.396676
45074.18,2021-02-10 14:11:41.581317
45073.65,2021-02-10 14:11:42.769571
45073.675,2021-02-10 14:11:43.959399
45074.18,2021-02-10 14:11:45.140497
45074.18,2021-02-10 14:11:46.326609
45072.88,2021-02-10 14:11:47.503095
45072.875,2021-02-10 14:11:48.690355
45072.85,2021-02-10 14:11:49.869016
45072.88,2021-02-10 14:11:51.045683
45070.949,2021-02-10 14:11:52.217923
45070.02658,2021-02-10 14:11:53.395713
45067.973217,2021-02-10 14:11:54.571749
45068.224568,2021-02-10 14:11:55.756203
45069.059887,2021-02-10 14:11:56.938027
45072.654748,2021-02-10 14:11:58.116468
45074.318294,2021-02-10 14:11:59.315226
45073.966695,2021-02-10 14:12:00.487961
45073.014574,2021-02-10 14:12:01.654505
45069.006328,2021-02-10 14:12:02.833185
45068.16653,2021-02-10 14:12:04.009368
45068.09951,2021-02-10 14:12:05.188265
45069.154797,2021-02-10 14:12:06.374571
57742.503024,2021-04-06 17:07:01.848789
57734.264819,2021-04-06 17:07:03.025797
57731.286747,2021-04-06 17:07:04.215341
57738.505351,2021-04-06 17:07:05.398663
57736.304859,2021-04-06 17:07:06.583021
57744.320243,2021-04-06 17:07:07.769804
57743.946531,2021-04-06 17:07:08.957430
57747.402311,2021-04-06 17:07:10.131384
57741.014855,2021-04-06 17:07:11.310096
57738.188037,2021-04-06 17:07:12.497690
35357.953985,2021-05-23 22:50:49.854489
35360.430658,2021-05-23 22:50:51.145580
35363.241459,2021-05-23 22:50:52.438029
35381.42,2021-05-23 22:50:53.729953
35382.748295,2021-05-23 22:50:55.018781
35389.526021,2021-05-23 22:50:56.310880
35400.797215,2021-05-23 22:50:57.820221
35415.268444,2021-05-23 22:50:59.328934
35411.750077,2021-05-23 22:51:00.708421
35393.785,2021-05-23 22:51:02.131219
35386.223924,2021-05-23 22:51:03.660254
35393.82,2021-05-23 22:51:05.102172
35391.306951,2021-05-23 22:51:06.417520
35389.357426,2021-05-23 22:51:07.769697
35387.116261,2021-05-23 22:51:09.055195
35385.165,2021-05-23 22:51:10.350192
35383.830764,2021-05-23 22:51:11.642585
35376.645214,2021-05-23 22:51:12.939534
35377.22,2021-05-23 22:51:14.230043
35378.625,2021-05-23 22:51:15.566943
35377.850273,2021-05-23 22:51:16.858661
35357.989695,2021-05-23 22:51:18.154640
35348.720214,2021-05-23 22:51:19.440774
35349.986868,2021-05-23 22:51:20.721119
35359.891788,2021-05-23 22:51:22.009725
35363.530578,2021-05-23 22:51:23.313419
35354.251666,2021-05-23 22:51:24.603227
35351.495,2021-05-23 22:51:25.910920
35353.415,2021-05-23 22:51:27.208209
35345.620214,2021-05-23 22:51:28.501718
35357.954753,2021-05-23 22:51:29.817842
35343.17,2021-05-23 22:51:31.114754
35348.245214,2021-05-23 22:51:32.405644
35346.265,2021-05-23 22:51:33.687153
35344.89,2021-05-23 22:51:34.978329
35355.460491,2021-05-23 22:51:36.269400
35355.460491,2021-05-23 22:51:37.583566
35349.220214,2021-05-23 22:51:38.884964
35361.738009,2021-05-23 22:51:40.178774
35364.41,2021-05-23 22:51:41.469234
35362.825,2021-05-23 22:51:42.759710
35361.425,2021-05-23 22:51:44.051742
35360.659708,2021-05-23 22:51:45.344035
35345.635,2021-05-23 22:51:46.637477
35324.828817,2021-05-23 22:51:47.936592
35314.942055,2021-05-23 22:51:49.237775
35317.17,2021-05-23 22:51:50.522572
35333.122539,2021-05-23 22:51:51.824161
35338.110735,2021-05-23 22:51:53.119474
35337.568259,2021-05-23 22:51:54.406265
35341.145,2021-05-23 22:51:55.681763
35351.362321,2021-05-23 22:51:57.008255
35335.797301,2021-05-23 22:51:58.305174
35337.01,2021-05-23 22:51:59.588668
35348.354471,2021-05-23 22:52:00.883096
35349.84,2021-05-23 22:52:02.184001
35337.11745,2021-05-23 22:52:03.475353
35337.40729,2021-05-23 22:52:04.757223
35321.086364,2021-05-23 22:52:06.028643
35318.765,2021-05-23 22:52:07.327048
35308.95,2021-05-23 22:52:08.630867
35307.94,2021-05-23 22:52:09.931621
35309.095,2021-05-23 22:52:11.229118
35309.265,2021-05-23 22:52:12.529684
35296.922662,2021-05-23 22:52:13.819001
35291.476615,2021-05-23 22:52:15.133104
35299.96,2021-05-23 22:52:16.544513
35315.11,2021-05-23 22:52:17.830808
35314.08,2021-05-23 22:52:19.120896
35302.023508,2021-05-23 22:52:20.432572
35291.57,2021-05-23 22:52:21.718322
35290.417238,2021-05-23 22:52:23.022524
35305.284782,2021-05-23 22:52:24.311883
35301.85,2021-05-23 22:52:25.589205
35299.649757,2021-05-23 22:52:26.995371
35305.065,2021-05-23 22:52:28.370811
35302.27,2021-05-23 22:52:29.695818
35306.305,2021-05-23 22:52:30.980376
35321.955,2021-05-23 22:52:32.269671
35321.958269,2021-05-23 22:52:33.574027
35327.79,2021-05-23 22:52:34.857440
35327.494984,2021-05-23 22:52:36.174695
35330.667994,2021-05-23 22:52:37.466844
35330.584776,2021-05-23 22:52:38.768744
35329.136817,2021-05-23 22:52:40.054260
35332.585548,2021-05-23 22:52:41.353806
35332.414177,2021-05-23 22:52:42.648901
35331.945,2021-05-23 22:52:43.940657
35313.055004,2021-05-23 22:52:45.234488
35315.916759,2021-05-23 22:52:46.523652
35331.187004,2021-05-23 22:52:47.808261
35338.609426,2021-05-23 22:52:49.113925
35313.272278,2021-05-23 22:52:50.400237
35307.558843,2021-05-23 22:52:51.702996
35320.525548,2021-05-23 22:52:53.023997
35317.242938,2021-05-23 22:52:54.327554
35309.274463,2021-05-23 22:52:55.614186
35310.487246,2021-05-23 22:52:56.938530
35314.08285,2021-05-23 22:52:58.233187
35313.580472,2021-05-23 22:52:59.526679
35314.421799,2021-05-23 22:53:00.816569
35327.64,2021-05-23 22:53:02.105755
35334.766409,2021-05-23 22:53:03.393189
35338.406946,2021-05-23 22:53:04.680566
35341.710636,2021-05-23 22:53:05.984779
35345.250345,2021-05-23 22:53:07.276312
35336.258171,2021-05-23 22:53:08.559554
35334.686911,2021-05-23 22:53:09.847866
35335.29,2021-05-23 22:53:11.179396
35328.890074,2021-05-23 22:53:12.481035
35317.396707,2021-05-23 22:53:13.773619
35321.3,2021-05-23 22:53:15.069823
35335.025,2021-05-23 22:53:16.371385
35342.1,2021-05-23 22:53:17.669520
35341.09,2021-05-23 22:53:18.959902
35339.66,2021-05-23 22:53:20.269543
35339.32473,2021-05-23 22:53:21.570548
35328.41,2021-05-23 22:53:22.862240
35325.964925,2021-05-23 22:53:24.153451
35321.47,2021-05-23 22:53:25.443173
35308.97741,2021-05-23 22:53:26.723933
35319.8,2021-05-23 22:53:28.007092
